id,x_coord,y_coord,capacity,start_time,end_time
d1,114.137018,22.704493,30,0,300
d2,114.237755,22.710507,30,0,300
d3,114.384389,22.640957,30,0,300
d4,114.199115,22.640957,30,0,300


